Workbook

Sheet Girdiler
A1: GAUGE — MALİYET & MARJ MODELİ · GİRDİLER
A2: Sarı hücreleri kendi tahminlerinle değiştir. "Hesaplama" ve "Özet" sekmeleri otomatik güncellenir.
A4: ABONELİK PLANLARI
A5: Plan | B5: Aylık Fiyat ($) | C5: Müşteri Sayısı | D5: Ort. Lokasyon (Ajans)
A6: Başlangıç | B6: 39 | C6: 40 | D6: 1
A7: Profesyonel | B7: 99 | C7: 25 | D7: 1
A8: Ajans / Çok-lokasyon | B8: 249 | C8: 8 | D8: 3
A10: ÜCRETSİZ TARAMA (Pazarlama / Edinme Kanalı)
A11: Aylık ücretsiz tarama sayısı | B11: 2000
A12: Tarama başına soru sayısı | B12: 6
A13: Soru başına grounded API maliyeti ($) — Perplexity Sonar | B13: 0.012
A14: Tarama başına ekstraksiyon (ucuz LLM) maliyeti ($) | B14: 0.004
A15: Ücretsiz → ücretli dönüşüm oranı | B15: 0.025
A17: ÜCRETLİ MÜŞTERİ BAŞINA TARAMA MALİYETİ
A18: Plan | B18: Aylık Tarama Sayısı | C18: Sorgu / Tarama (kanal×soru) | D18: Sorgu Başına Maliyet ($)
A19: Başlangıç | B19: 4 | C19: 8 | D19: 0.01
A20: Profesyonel | B20: 30 | C20: 8 | D20: 0.01
A21: Ajans / Çok-lokasyon | B21: 30 | C21: 8 | D21: 0.01
A23: SABİT GİDERLER (Aylık)
A24: Hosting / Vercel ($) | B24: 20
A25: Upstash Redis ($) | B25: 10
A26: Diğer SaaS araçları ($) | B26: 50
A27: Yüklenici / maaş ($, opsiyonel) | B27: 0
A29: DİĞER VARSAYIMLAR
A30: Aylık churn oranı (kayıp oranı) | B30: 0.04

Sheet Hesaplama
A1: HESAPLAMA (otomatik — Girdiler sekmesinden besleniyor)
A3: GELİR
A4: Toplam MRR ($) | B4: =SUMPRODUCT(Girdiler!B6:B8,Girdiler!C6:C8)
A5: Toplam müşteri sayısı | B5: =SUM(Girdiler!C6:C8)
A6: Karma ARPU ($/müşteri/ay) | B6: =B4/MAX(B5,0.0001)
A8: ÜCRETLİ MÜŞTERİ COGS (aktif taramanın işletim maliyeti)
A9: Plan | B9: Müşteri Başına Aylık Maliyet ($) | C9: Müşteri Sayısı | D9: Toplam ($)
A10: Başlangıç | B10: =Girdiler!B19*Girdiler!C19*Girdiler!D19*Girdiler!D6 | C10: =Girdiler!C6 | D10: =B10*C10
A11: Profesyonel | B11: =Girdiler!B20*Girdiler!C20*Girdiler!D20*Girdiler!D7 | C11: =Girdiler!C7 | D11: =B11*C11
A12: Ajans / Çok-lokasyon | B12: =Girdiler!B21*Girdiler!C21*Girdiler!D21*Girdiler!D8 | C12: =Girdiler!C8 | D12: =B12*C12
A13: Toplam ücretli-müşteri COGS ($) | D13: =SUM(D10:D12)
A15: ÜCRETSİZ TARAMA (Pazarlama / Edinme) MALİYETİ
A16: Tarama başına maliyet ($) | B16: =Girdiler!B12*Girdiler!B13+Girdiler!B14
A17: Aylık toplam ücretsiz tarama maliyeti ($) | B17: =Girdiler!B11*B16
A18: Aylık dönüşen yeni müşteri sayısı | B18: =Girdiler!B11*Girdiler!B15
A19: Müşteri edinme maliyeti — CAC ($) | B19: =B17/MAX(B18,0.0001)
A21: SABİT GİDERLER
A22: Toplam sabit gider ($/ay) | B22: =SUM(Girdiler!B24:B27)
A24: KÂRLILIK
A25: Brüt kâr — ürün (MRR − ücretli COGS) ($) | B25: =B4-D13
A26: Brüt marj — ürün (%) | B26: =B25/MAX(B4,0.0001)
A27: Toplam gider (COGS + pazarlama + sabit) ($) | B27: =D13+B17+B22
A28: Net kâr — tüm giderler dahil ($) | B28: =B4-B27
A29: Net marj (%) | B29: =B28/MAX(B4,0.0001)
A31: LTV / CAC
A32: Ortalama müşteri ömrü (ay) | B32: =1/MAX(Girdiler!B30,0.0001)
A33: LTV — yaşam boyu değer ($) | B33: =B6*B26*B32
A34: LTV : CAC oranı | B34: =B33/MAX(B19,0.0001)
A36: BAŞABAŞ (BREAKEVEN)
A37: Müşteri başına katkı payı ($) | B37: =B6-(D13/MAX(B5,0.0001))
A38: Başabaş müşteri sayısı (sabit giderleri karşılamak için) | B38: =B22/MAX(B37,0.0001)

Sheet Özet
A1: ÖZET PANO
A2: Girdiler sekmesini güncelledikçe bu pano otomatik değişir.
A4: Toplam MRR | B4: =Hesaplama!B4
A5: Toplam müşteri sayısı | B5: =Hesaplama!B5
A6: Karma ARPU | B6: =Hesaplama!B6
A7: Toplam ücretli-müşteri COGS | B7: =Hesaplama!D13
A8: Aylık pazarlama (ücretsiz tarama) maliyeti | B8: =Hesaplama!B17
A9: Toplam sabit gider | B9: =Hesaplama!B22
A10: Brüt kâr (ürün) | B10: =Hesaplama!B25
A11: Brüt marj (ürün) | B11: =Hesaplama!B26
A12: Net kâr (tüm giderler dahil) | B12: =Hesaplama!B28
A13: Net marj | B13: =Hesaplama!B29
A14: CAC (müşteri edinme maliyeti) | B14: =Hesaplama!B19
A15: LTV (yaşam boyu değer) | B15: =Hesaplama!B33
A16: LTV : CAC oranı | B16: =Hesaplama!B34
A17: Başabaş müşteri sayısı | B17: =Hesaplama!B38
